;p;r;f;vc;a;vo
0;16.156384525943402;102.35044571826067;1000.0;20.0;0.25;529.9415690569999
1;14.201795570276495;100.6248323025682;1000.0;20.0;0.25;529.9415690569999
2;13.814602008152168;99.78366338049864;1000.0;20.0;0.25;529.9415690569999
3;17.143508920977006;98.8540019204319;1000.0;20.0;0.25;529.9415690569999
4;16.30722203456221;97.09503391473027;1000.0;20.0;0.25;529.9415690569999
5;16.032079786556597;96.16612875643223;1000.0;20.0;0.25;529.9415690569999
6;17.81008079922279;95.25482878317925;1000.0;20.0;0.25;529.9415690569999
7;17.08490423039216;93.39165364805595;1000.0;20.0;0.25;529.9415690569999
8;14.150217749999994;91.95278368332905;1000.0;20.0;0.25;529.9415690569999
9;15.995644509756097;90.98900986673388;1000.0;20.0;0.25;529.9415690569999
10;17.020537590476188;90.04522947207658;1000.0;20.0;0.25;529.9415690569999
11;16.94677773902439;89.03773040106033;1000.0;20.0;0.25;529.9415690569999
12;16.387845809756097;88.05252729842066;1000.0;20.0;0.25;529.9415690569999
13;15.649271781990521;87.04919403385342;1000.0;20.0;0.25;529.9415690569999
14;17.60766508376964;86.02969896859207;1000.0;20.0;0.25;529.9415690569999
15;16.299877311274503;84.9959642680349;1000.0;20.0;0.25;529.9415690569999
16;17.97284662827225;83.94986009242831;1000.0;20.0;0.25;529.9415690569999
17;16.43982816421568;82.89319952702883;1000.0;20.0;0.25;529.9415690569999
18;17.039477520631063;81.82773423747832;1000.0;20.0;0.25;529.9415690569999
19;16.913446127358494;102.35044571826067;1000.0;20.0;0.2;425.7737718099999
20;16.802150668292676;100.6248323025682;1000.0;20.0;0.2;425.7737718099999
21;16.343325345108703;99.78366338049864;1000.0;20.0;0.2;425.7737718099999
22;17.85019284054053;98.8540019204319;1000.0;20.0;0.2;425.7737718099999
23;17.312070351941752;97.09503391473027;1000.0;20.0;0.2;425.7737718099999
24;17.221285909420285;96.16612875643223;1000.0;20.0;0.2;425.7737718099999
25;17.75641357804878;95.25482878317925;1000.0;20.0;0.2;425.7737718099999
26;17.559814492647043;93.39165364805595;1000.0;20.0;0.2;425.7737718099999
27;15.714389699257442;91.95278368332905;1000.0;20.0;0.2;425.7737718099999
28;17.59116765609756;90.98900986673388;1000.0;20.0;0.2;425.7737718099999
29;17.926721615853655;90.04522947207658;1000.0;20.0;0.2;425.7737718099999
30;17.679596478048772;89.03773040106033;1000.0;20.0;0.2;425.7737718099999
31;17.909205317401966;88.05252729842066;1000.0;20.0;0.2;425.7737718099999
32;17.62278851724138;87.04919403385342;1000.0;20.0;0.2;425.7737718099999
33;17.8541628391089;86.02969896859207;1000.0;20.0;0.2;425.7737718099999
34;17.74456886764706;84.9959642680349;1000.0;20.0;0.2;425.7737718099999
35;17.907263068069305;83.94986009242831;1000.0;20.0;0.2;425.7737718099999
36;17.74839440886699;82.89319952702883;1000.0;20.0;0.2;425.7737718099999
37;17.890989427339896;81.82773423747832;1000.0;20.0;0.2;425.7737718099999
38;5.533353380239523;102.1315142835692;1000.0;20.0;0.03;53.34318991300002
39;5.282383022727269;100.4132133071895;1000.0;20.0;0.03;53.34318991300002
40;5.284249165562913;99.52367467966357;1000.0;20.0;0.03;53.34318991300002
41;5.912909450331124;98.64975811481116;1000.0;20.0;0.03;53.34318991300002
42;5.850233818862277;96.84884975166045;1000.0;20.0;0.03;53.34318991300002
43;5.730078726047904;95.92462667517549;1000.0;20.0;0.03;53.34318991300002
44;5.7869811904761885;95.01787647277334;1000.0;20.0;0.03;53.34318991300002
45;5.939302848214287;93.16386912696314;1000.0;20.0;0.03;53.34318991300002
46;2.8192640060606076;91.73195567256215;1000.0;20.0;0.03;53.34318991300002
47;6.079488820359283;90.77278123111901;1000.0;20.0;0.03;53.34318991300002
48;6.115855175149706;89.79122318301572;1000.0;20.0;0.03;53.34318991300002
49;5.857452748502994;88.78936853104342;1000.0;20.0;0.03;53.34318991300002
50;6.1392766204819305;87.80962377483881;1000.0;20.0;0.03;53.34318991300002
51;5.58531818539326;86.81178714103382;1000.0;20.0;0.03;53.34318991300002
52;6.033893946107786;85.75928680299704;1000.0;20.0;0.03;53.34318991300002
53;6.2955857365269425;84.73200164608448;1000.0;20.0;0.03;53.34318991300002
54;6.317240059880239;83.69234518416933;1000.0;20.0;0.03;53.34318991300002
55;6.058381023952095;82.64211670717197;1000.0;20.0;0.03;53.34318991300002
56;6.282336476047905;81.58305498089466;1000.0;20.0;0.03;53.34318991300002
57;1.6814388652173913;102.1315142835692;1000.0;20.0;0.03;53.57970719599998
58;1.4458369046242776;100.4132133071895;1000.0;20.0;0.03;53.57970719599998
59;1.768077158878504;99.52367467966357;1000.0;20.0;0.03;53.57970719599998
60;1.7962319285714279;98.64975811481116;1000.0;20.0;0.03;53.57970719599998
61;1.7570303387096777;96.84884975166045;1000.0;20.0;0.03;53.57970719599998
62;1.6670482482758617;95.92462667517549;1000.0;20.0;0.03;53.57970719599998
63;1.818436528225807;95.01787647277334;1000.0;20.0;0.03;53.57970719599998
64;1.8735430350877191;93.16386912696314;1000.0;20.0;0.03;53.57970719599998
65;1.17978235745614;91.73195567256215;1000.0;20.0;0.03;53.57970719599998
66;1.975868198198199;90.77278123111901;1000.0;20.0;0.03;53.57970719599998
67;1.8912198695652176;89.79122318301572;1000.0;20.0;0.03;53.57970719599998
68;1.8190307326388886;88.78936853104342;1000.0;20.0;0.03;53.57970719599998
69;1.9182704661016952;87.80962377483881;1000.0;20.0;0.03;53.57970719599998
70;1.8269619600000016;86.81178714103382;1000.0;20.0;0.03;53.57970719599998
71;1.9608161077586208;85.75928680299704;1000.0;20.0;0.03;53.57970719599998
72;2.0030396870229015;84.73200164608448;1000.0;20.0;0.03;53.57970719599998
73;1.9402443306962027;83.69234518416933;1000.0;20.0;0.03;53.57970719599998
74;1.884280605468751;82.64211670717197;1000.0;20.0;0.03;53.57970719599998
75;1.9325731578947372;81.58305498089466;1000.0;20.0;0.03;53.57970719599998
76;24.21965045263158;101.2650751380034;1000.0;20.0;;565.1645990870003
77;23.133115713687147;92.66663353239903;1000.0;20.0;;565.1645990870003
78;20.944070408571424;101.2650751380034;1000.0;20.0;0.25;390.73363734200007
79;20.562434449704153;92.66663353239903;1000.0;20.0;0.25;390.73363734200007
80;22.32356838757396;101.2650751380034;1000.0;20.0;0.25;413.553051802
81;21.929819321428564;92.66663353239903;1000.0;20.0;0.25;413.553051802
82;24.212896757440483;101.2650751380034;1000.0;20.0;0.25;447.0614209
83;23.50530195857989;92.66663353239903;1000.0;20.0;0.25;447.0614209
84;21.83563402941177;101.05075751866372;1000.0;20.0;0.25;460.5748733000001
85;21.35988881508876;92.44236772036516;1000.0;20.0;0.25;460.5748733000001
86;20.862538169444445;101.05075751866372;1000.0;20.0;0.25;474.21887040399986
87;22.086605119117657;92.44236772036516;1000.0;20.0;0.25;474.21887040399986
88;22.96585292955801;101.05075751866372;1000.0;20.0;0.25;486.63570467999966
89;23.187661321823224;92.44236772036516;1000.0;20.0;0.25;486.63570467999966
90;24.907968405219783;101.05075751866372;1000.0;20.0;0.25;499.27734866000014
91;25.386175903314907;92.44236772036516;1000.0;20.0;0.25;499.27734866000014
92;21.720756596994534;100.83734514798016;1000.0;20.0;0.25;513.0746453099998
93;21.531731157967034;92.21918479491762;1000.0;20.0;0.25;513.0746453099998
94;22.729584164835163;100.83734514798016;1000.0;20.0;0.25;544.0130909469999
95;21.66240859656086;92.21918479491762;1000.0;20.0;0.25;544.0130909469999
96;20.20196759269663;82.78540602959445;1000.0;20.0;;707.6965301312998
97;12.057192666666662;95.58855440954676;1000.0;20.0;;707.6965301312998
98;13.602071230324077;91.33712659506189;1000.0;20.0;;707.6965301312998
99;17.539326606783916;86.93032849807665;1000.0;20.0;;707.6965301312998
100;14.945107115291266;85.37591940557641;1000.0;20.0;;707.6965301312998
101;18.002146838917536;83.83930277009412;1000.0;20.0;;707.6965301312998
102;15.429853489417996;82.25061658495883;1000.0;20.0;;707.6965301312998
103;15.72478359031414;80.61879768268233;1000.0;20.0;;707.6965301312998
104;16.750021770467825;82.78540602959445;1000.0;20.0;0.3;181.95871517100005
105;11.74797748378378;95.58855440954676;1000.0;20.0;0.3;181.95871517100005
106;12.189955132978733;91.33712659506189;1000.0;20.0;0.3;181.95871517100005
107;14.535951946524047;86.93032849807665;1000.0;20.0;0.3;181.95871517100005
108;12.395125166666666;85.37591940557641;1000.0;20.0;0.3;181.95871517100005
109;14.715204431318675;83.83930277009412;1000.0;20.0;0.3;181.95871517100005
110;12.434846156424584;82.25061658495883;1000.0;20.0;0.3;181.95871517100005
111;13.290139566298347;80.61879768268233;1000.0;20.0;0.3;181.95871517100005
112;15.760937466257664;82.78540602959445;1000.0;20.0;0.3;190.73353830800002
113;12.83003152868853;95.58855440954676;1000.0;20.0;0.3;190.73353830800002
114;11.998161084254141;91.33712659506189;1000.0;20.0;0.3;190.73353830800002
115;13.499684327956992;86.93032849807665;1000.0;20.0;0.3;190.73353830800002
116;12.214783980978268;85.37591940557641;1000.0;20.0;0.3;190.73353830800002
117;13.846437816384181;83.83930277009412;1000.0;20.0;0.3;190.73353830800002
118;12.017841095714283;82.25061658495883;1000.0;20.0;0.3;190.73353830800002
119;12.790495963687151;80.61879768268233;1000.0;20.0;0.3;190.73353830800002
120;15.6670604421875;82.78540602959445;1000.0;20.0;0.3;196.40595712209992
121;13.959690809392272;95.34994094372163;1000.0;20.0;0.3;196.40595712209992
122;12.655472038770053;91.33712659506189;1000.0;20.0;0.3;196.40595712209992
123;14.156837804469273;86.93032849807665;1000.0;20.0;0.3;196.40595712209992
124;13.325992294444458;85.37591940557641;1000.0;20.0;0.3;196.40595712209992
125;14.305552446629205;83.83930277009412;1000.0;20.0;0.3;196.40595712209992
126;13.12752127873563;82.25061658495883;1000.0;20.0;0.3;196.40595712209992
127;13.604668386363649;80.61879768268233;1000.0;20.0;0.3;196.40595712209992
128;16.57413987575758;82.53497480997166;1000.0;20.0;0.3;201.30564868200003
129;15.083310063535908;95.34994094372163;1000.0;20.0;0.3;201.30564868200003
130;13.74622830662982;91.11924222818435;1000.0;20.0;0.3;201.30564868200003
131;16.071748290502793;86.65423398832777;1000.0;20.0;0.3;201.30564868200003
132;14.026205171270696;85.14753977274829;1000.0;20.0;0.3;201.30564868200003
133;16.41529544413408;83.58246464344613;1000.0;20.0;0.3;201.30564868200003
134;15.443756269886372;81.96821103445254;1000.0;20.0;0.3;201.30564868200003
135;15.791126488888894;80.3474681153868;1000.0;20.0;0.3;201.30564868200003
136;16.89190311111111;82.53497480997166;1000.0;20.0;0.3;206.16927107
137;14.791532457182324;95.34994094372163;1000.0;20.0;0.3;206.16927107
138;14.818591258287308;91.11924222818435;1000.0;20.0;0.3;206.16927107
139;16.664624975138118;86.65423398832777;1000.0;20.0;0.3;206.16927107
140;14.830717254189947;85.14753977274829;1000.0;20.0;0.3;206.16927107
141;16.058741245901643;83.58246464344613;1000.0;20.0;0.3;206.16927107
142;15.918436934659082;81.96821103445254;1000.0;20.0;0.3;206.16927107
143;16.09825698870056;80.3474681153868;1000.0;20.0;0.3;206.16927107
144;16.604359499999987;82.53497480997166;1000.0;20.0;0.3;210.93782152400004
145;15.884803980978266;95.11251579196932;1000.0;20.0;0.3;210.93782152400004
146;14.759515475000008;91.11924222818435;1000.0;20.0;0.3;210.93782152400004
147;16.065938109550558;86.65423398832777;1000.0;20.0;0.3;210.93782152400004
148;15.048337988888894;85.14753977274829;1000.0;20.0;0.3;210.93782152400004
149;15.781692067796607;83.58246464344613;1000.0;20.0;0.3;210.93782152400004
150;15.540077903409086;81.96821103445254;1000.0;20.0;0.3;210.93782152400004
151;15.650426036516858;80.3474681153868;1000.0;20.0;0.3;210.93782152400004
152;17.685475759202454;82.25061658495883;1000.0;20.0;0.3;215.7004881351001
153;15.313217410614525;95.11251579196932;1000.0;20.0;0.3;215.7004881351001
154;15.812634093922659;90.8591492437081;1000.0;20.0;0.3;215.7004881351001
155;16.90256803910614;86.41897362455856;1000.0;20.0;0.3;215.7004881351001
156;16.002780955307266;84.88263631567752;1000.0;20.0;0.3;215.7004881351001
157;16.869149627094977;83.290855521271;1000.0;20.0;0.3;215.7004881351001
158;16.98829360169491;81.68773811388982;1000.0;20.0;0.3;215.7004881351001
159;16.139149668539325;80.07795878837501;1000.0;20.0;0.3;215.7004881351001
160;17.34248132704404;82.25061658495883;1000.0;20.0;0.3;220.2255247629999
161;16.7993369875;95.11251579196932;1000.0;20.0;0.3;220.2255247629999
162;15.557781294198891;90.8591492437081;1000.0;20.0;0.3;220.2255247629999
163;16.267316161016968;86.41897362455856;1000.0;20.0;0.3;220.2255247629999
164;15.788101223756902;84.88263631567752;1000.0;20.0;0.3;220.2255247629999
165;16.902283544943824;83.290855521271;1000.0;20.0;0.3;220.2255247629999
166;16.5375644346591;81.68773811388982;1000.0;20.0;0.3;220.2255247629999
167;15.828790775568194;80.07795878837501;1000.0;20.0;0.3;220.2255247629999
168;17.531547076562507;82.25061658495883;1000.0;20.0;0.3;225.23636256999995
169;15.621810445355193;94.87627009949051;1000.0;20.0;0.3;225.23636256999995
170;15.784574800546443;90.8591492437081;1000.0;20.0;0.3;225.23636256999995
171;16.409648129943506;86.41897362455856;1000.0;20.0;0.3;225.23636256999995
172;16.156056382681577;84.88263631567752;1000.0;20.0;0.3;225.23636256999995
173;16.23463983050847;83.290855521271;1000.0;20.0;0.3;225.23636256999995
174;16.06964447159091;81.68773811388982;1000.0;20.0;0.3;225.23636256999995
175;16.147830536723166;80.07795878837501;1000.0;20.0;0.3;225.23636256999995
176;19.323333232919246;82.00340562914316;1000.0;20.0;0.3;230.24364254999998
177;17.05019342346939;94.87627009949051;1000.0;20.0;0.3;230.24364254999998
178;17.12342759722221;90.6435366446485;1000.0;20.0;0.3;230.24364254999998
179;17.243212367403316;86.14611263431412;1000.0;20.0;0.3;230.24364254999998
180;17.61415599728262;84.61937603468073;1000.0;20.0;0.3;230.24364254999998
181;17.986805832865162;83.03736161316279;1000.0;20.0;0.3;230.24364254999998
182;18.084807276836166;81.44389411952001;1000.0;20.0;0.3;230.24364254999998
183;16.854927401129952;79.8102514459985;1000.0;20.0;0.3;230.24364254999998
184;18.44338457812501;82.00340562914316;1000.0;20.0;0.3;236.41956809
185;16.662261041666667;94.87627009949051;1000.0;20.0;0.3;236.41956809
186;15.676313884510874;90.6435366446485;1000.0;20.0;0.3;236.41956809
187;16.36473207627118;86.14611263431412;1000.0;20.0;0.3;236.41956809
188;17.206269028089885;84.61937603468073;1000.0;20.0;0.3;236.41956809
189;16.771906519774014;83.03736161316279;1000.0;20.0;0.3;236.41956809
190;17.10111727840909;81.44389411952001;1000.0;20.0;0.3;236.41956809
191;16.52891234571429;79.8102514459985;1000.0;20.0;0.3;236.41956809
192;19.023270041925468;82.00340562914316;1000.0;20.0;0.3;243.2623796622
193;17.052177524590174;94.87627009949051;1000.0;20.0;0.3;243.2623796622
194;17.759217395251397;90.6435366446485;1000.0;20.0;0.3;243.2623796622
195;17.86763999435028;86.14611263431412;1000.0;20.0;0.3;243.2623796622
196;17.564903855191258;84.61937603468073;1000.0;20.0;0.3;243.2623796622
197;17.472774825966848;83.03736161316279;1000.0;20.0;0.3;243.2623796622
198;17.792205431818193;81.44389411952001;1000.0;20.0;0.3;243.2623796622
199;17.264339857344634;79.8102514459985;1000.0;20.0;0.3;243.2623796622
200;18.576235793750005;81.72269221663433;1000.0;20.0;0.25;208.820282381
201;17.815222151933707;94.6881168618118;1000.0;20.0;0.25;208.820282381
202;15.364493766304344;90.386148466765;1000.0;20.0;0.25;208.820282381
203;16.22838320923914;85.91359950979506;1000.0;20.0;0.25;208.820282381
204;16.71994166573033;84.35774368828375;1000.0;20.0;0.25;208.820282381
205;17.57133570903954;82.78540602959445;1000.0;20.0;0.25;208.820282381
206;17.62236183806819;81.16699180207158;1000.0;20.0;0.25;208.820282381
207;16.924757409604517;79.51121220244563;1000.0;20.0;0.25;208.820282381
208;16.027652546874997;81.72269221663433;1000.0;20.0;0.25;216.30810247000005
209;15.437476372928193;94.6881168618118;1000.0;20.0;0.25;216.30810247000005
210;15.817189077348065;90.386148466765;1000.0;20.0;0.25;216.30810247000005
211;15.7569834241573;85.91359950979506;1000.0;20.0;0.25;216.30810247000005
212;15.541507722543352;84.35774368828375;1000.0;20.0;0.25;216.30810247000005
213;16.313886827142845;82.78540602959445;1000.0;20.0;0.25;216.30810247000005
214;16.254459959537584;81.16699180207158;1000.0;20.0;0.25;216.30810247000005
215;15.013712299999993;79.51121220244563;1000.0;20.0;0.25;216.30810247000005
216;18.038334248447214;81.44389411952001;1000.0;20.0;0.25;221.96765265400006
217;18.133585332298136;79.8102514459985;1000.0;20.0;0.25;221.96765265400006
218;13.120402850253798;101.58826154801831;1000.0;20.0;0.25;221.96765265400006
219;14.253274992063503;100.30773724279119;1000.0;20.0;0.25;221.96765265400006
220;14.334626632432428;98.95644130066032;1000.0;20.0;0.25;221.96765265400006
221;13.473508330163043;96.26307041848509;1000.0;20.0;0.25;221.96765265400006
222;16.073223254143645;94.45397216136223;1000.0;20.0;0.25;221.96765265400006
223;15.049974858870973;93.02773098405963;1000.0;20.0;0.25;221.96765265400006
224;14.523594121621622;91.599967247134;1000.0;20.0;0.25;221.96765265400006
225;16.076296052197797;90.13021789064389;1000.0;20.0;0.25;221.96765265400006
226;17.084880542134833;88.66570645788042;1000.0;20.0;0.25;221.96765265400006
227;15.87802797471911;87.16838507999745;1000.0;20.0;0.25;221.96765265400006
228;16.2521039660326;85.64391556514548;1000.0;20.0;0.25;221.96765265400006
229;16.161059885989022;84.09772422293017;1000.0;20.0;0.25;221.96765265400006
230;16.862736233516483;82.4993225530343;1000.0;20.0;0.25;221.96765265400006
231;18.116031818181817;80.89196599333944;1000.0;20.0;0.25;221.96765265400006
232;16.81828703531073;79.2472745685786;1000.0;20.0;0.25;221.96765265400006
233;14.53997184375;81.44389411952001;1000.0;20.0;0.2;186.69989141
234;15.042650690251556;79.8102514459985;1000.0;20.0;0.2;186.69989141
235;12.094374002645495;101.58826154801831;1000.0;20.0;0.2;186.69989141
236;12.40770114473684;100.30773724279119;1000.0;20.0;0.2;186.69989141
237;12.676791478260876;98.95644130066032;1000.0;20.0;0.2;186.69989141
238;12.399100029947933;96.26307041848509;1000.0;20.0;0.2;186.69989141
239;13.494439826388886;94.45397216136223;1000.0;20.0;0.2;186.69989141
240;12.595962337988823;93.02773098405963;1000.0;20.0;0.2;186.69989141
241;13.78332373480663;91.599967247134;1000.0;20.0;0.2;186.69989141
242;14.102233582417574;90.13021789064389;1000.0;20.0;0.2;186.69989141
243;13.49117480255682;88.66570645788042;1000.0;20.0;0.2;186.69989141
244;13.687384840782114;87.16838507999745;1000.0;20.0;0.2;186.69989141
245;13.820086467696635;85.64391556514548;1000.0;20.0;0.2;186.69989141
246;14.216597709497204;84.09772422293017;1000.0;20.0;0.2;186.69989141
247;13.697583894662923;82.4993225530343;1000.0;20.0;0.2;186.69989141
248;14.589591624285726;80.89196599333944;1000.0;20.0;0.2;186.69989141
249;13.271892287142855;79.2472745685786;1000.0;20.0;0.2;186.69989141
250;9.155952488486841;81.20150157749762;1000.0;20.0;0.03;24.196056750000004
251;8.224938810855267;79.54432807591604;1000.0;20.0;0.03;24.196056750000004
252;6.183193764534887;101.37257521776773;1000.0;20.0;0.03;24.196056750000004
253;6.4725428875739635;100.09744848546876;1000.0;20.0;0.03;24.196056750000004
254;7.219227760080648;98.75177441068998;1000.0;20.0;0.03;24.196056750000004
255;6.16680495882353;96.06938214802535;1000.0;20.0;0.03;24.196056750000004
256;6.715947114035085;94.22098259016991;1000.0;20.0;0.03;24.196056750000004
257;7.350260377906975;92.80171608856871;1000.0;20.0;0.03;24.196056750000004
258;6.8604737882352955;91.33712659506189;1000.0;20.0;0.03;24.196056750000004
259;7.212748728197671;89.91804694457365;1000.0;20.0;0.03;24.196056750000004
260;7.820505405325443;88.41941282883074;1000.0;20.0;0.03;24.196056750000004
261;7.17395264820359;86.93032849807665;1000.0;20.0;0.03;24.196056750000004
262;7.787820357988159;85.37591940557641;1000.0;20.0;0.03;24.196056750000004
263;7.5728986102941125;83.83930277009412;1000.0;20.0;0.03;24.196056750000004
264;8.488008849397586;82.25061658495883;1000.0;20.0;0.03;24.196056750000004
265;8.746976613636361;80.61879768268233;1000.0;20.0;0.03;24.196056750000004
266;8.635352399999995;78.95243146352807;1000.0;20.0;0.03;24.196056750000004
267;4.137305731543623;81.20150157749762;1000.0;20.0;0.03;24.1044735515
268;4.306055146551723;79.54432807591604;1000.0;20.0;0.03;24.1044735515
269;3.342243147865851;101.37257521776773;1000.0;20.0;0.03;24.1044735515
270;3.455988001533745;100.09744848546876;1000.0;20.0;0.03;24.1044735515
271;3.469937702380954;98.75177441068998;1000.0;20.0;0.03;24.1044735515
272;3.1445378256172836;96.06938214802535;1000.0;20.0;0.03;24.1044735515
273;3.6371271731927686;94.22098259016991;1000.0;20.0;0.03;24.1044735515
274;3.162795861764709;92.80171608856871;1000.0;20.0;0.03;24.1044735515
275;3.1441472575757574;91.33712659506189;1000.0;20.0;0.03;24.1044735515
276;3.174015396449704;89.91804694457365;1000.0;20.0;0.03;24.1044735515
277;3.3289027000000004;88.41941282883074;1000.0;20.0;0.03;24.1044735515
278;3.1219321450617294;86.93032849807665;1000.0;20.0;0.03;24.1044735515
279;3.4314621656441764;85.37591940557641;1000.0;20.0;0.03;24.1044735515
280;3.4864236804733735;83.83930277009412;1000.0;20.0;0.03;24.1044735515
281;3.4815103553459124;82.25061658495883;1000.0;20.0;0.03;24.1044735515
282;3.987878619565219;80.61879768268233;1000.0;20.0;0.03;24.1044735515
283;3.893007127329192;78.95243146352807;1000.0;20.0;0.03;24.1044735515
284;22.93361206746031;101.14806205166195;1200.0;22.0;;93.55256884100001
285;22.112407339843752;99.80262464669921;1200.0;22.0;;93.55256884100001
286;22.99723100793652;92.91664081437499;1200.0;22.0;;93.55256884100001
287;27.48263267875648;81.90429819933796;1200.0;22.0;;93.55256884100001
288;24.972648302083353;78.47759614542467;1200.0;22.0;;93.55256884100001
289;30.368326307894748;101.14806205166195;1200.0;22.0;0.5;772.9815933100001
290;30.16099655759162;99.80262464669921;1200.0;22.0;0.5;772.9815933100001
291;30.368825190476176;92.91664081437499;1200.0;22.0;0.5;772.9815933100001
292;30.297486652061863;81.90429819933796;1200.0;22.0;0.5;772.9815933100001
293;30.26445994414894;78.47759614542467;1200.0;22.0;0.5;772.9815933100001
294;33.62699336855669;101.14806205166195;1200.0;22.0;0.5;927.756544
295;34.18320691361255;99.80262464669921;1200.0;22.0;0.5;927.756544
296;33.5920469;92.91664081437499;1200.0;22.0;0.5;927.756544
297;32.82417443717278;81.90429819933796;1200.0;22.0;0.5;927.756544
298;33.08647107620319;78.47759614542467;1200.0;22.0;0.5;927.756544
299;34.41965857887701;100.85670901646753;1200.0;22.0;0.5;931.0725620000002
300;34.263765113031944;99.47183943243459;1200.0;22.0;0.5;931.0725620000002
301;31.363520868090447;92.54824884638849;1200.0;22.0;0.5;931.0725620000002
302;31.956442843908622;81.49128195550887;1200.0;22.0;0.5;931.0725620000002
303;32.897015761904775;78.04031384892342;1200.0;22.0;0.5;931.0725620000002
304;34.21409146143616;100.85670901646753;1200.0;22.0;0.5;931.0911739999998
305;33.73238269895287;99.47183943243459;1200.0;22.0;0.5;931.0911739999998
306;32.456752058290135;92.54824884638849;1200.0;22.0;0.5;931.0911739999998
307;31.105757820153077;81.49128195550887;1200.0;22.0;0.5;931.0911739999998
308;31.95457461904761;78.04031384892342;1200.0;22.0;0.5;931.0911739999998
309;35.76501639361702;100.85670901646753;1200.0;22.0;0.5;931.0966459000001
310;36.03628938306454;99.47183943243459;1200.0;22.0;0.5;931.0966459000001
311;33.6599501378866;92.54824884638849;1200.0;22.0;0.5;931.0966459000001
312;33.425762521164025;81.49128195550887;1200.0;22.0;0.5;931.0966459000001
313;33.19776007671958;78.04031384892342;1200.0;22.0;0.5;931.0966459000001
314;23.210836759615372;100.5189114264602;1200.0;22.0;0.2;372.4355701
315;23.071411333333355;99.14323967970829;1200.0;22.0;0.2;372.4355701
316;22.97495743370167;92.18276651219915;1200.0;22.0;0.2;372.4355701
317;21.59522008684211;81.08241022049474;1200.0;22.0;0.2;372.4355701
318;22.424588841891904;77.63655760580261;1200.0;22.0;0.2;372.4355701
319;7.942566833333334;100.5189114264602;1200.0;22.0;0.03;46.554260000000006
320;8.213839770604396;99.14323967970829;1200.0;22.0;0.03;46.554260000000006
321;7.954034172651934;92.18276651219915;1200.0;22.0;0.03;46.554260000000006
322;7.831066008152172;81.08241022049474;1200.0;22.0;0.03;46.554260000000006
323;8.104360572222227;77.63655760580261;1200.0;22.0;0.03;46.554260000000006
324;4.157547800561799;100.30773724279119;1200.0;20.0;0.02;27.932517517000004
325;4.696818317771083;98.90519508559005;1200.0;20.0;0.02;27.932517517000004
326;4.302003377094974;91.95278368332905;1200.0;20.0;0.02;27.932517517000004
327;4.520512898351648;80.82350051217706;1200.0;20.0;0.02;27.932517517000004
328;4.625495508287294;77.3535567882845;1200.0;20.0;0.02;27.932517517000004
329;3.0684310401234556;100.30773724279119;1200.0;20.0;0.01;18.621668999999997
330;3.608518961038961;98.90519508559005;1200.0;20.0;0.01;18.621668999999997
331;3.669459711538462;91.95278368332905;1200.0;20.0;0.01;18.621668999999997
332;4.015957909090909;80.82350051217706;1200.0;20.0;0.01;18.621668999999997
333;4.053673833333333;77.3535567882845;1200.0;20.0;0.01;18.621668999999997
334;0.42528922752809;107.96265218217887;1000.0;20.0;;2.6743969000000005
335;0.4211770909090907;104.07952681758825;1000.0;20.0;;2.6743969000000005
336;0.4769160055248621;100.0450139917624;1000.0;20.0;;2.6743969000000005
337;0.4557230595854926;91.64392116615855;1000.0;20.0;;2.6743969000000005
338;0.4679236057692315;88.62456227854962;1000.0;20.0;;2.6743969000000005
339;0.4658777026066354;87.04919403385342;1000.0;20.0;;2.6743969000000005
340;0.4442149045893726;85.45231843860152;1000.0;20.0;;2.6743969000000005
341;0.5207613210784314;82.17983292180482;1000.0;20.0;;2.6743969000000005
342;0.48723336191860495;107.96265218217887;1000.0;20.0;0.05;5.936276500000001
343;0.43265046856287326;104.07952681758825;1000.0;20.0;0.05;5.936276500000001
344;0.4545282263313619;100.0450139917624;1000.0;20.0;0.05;5.936276500000001
345;0.44436236956521746;91.64392116615855;1000.0;20.0;0.05;5.936276500000001
346;0.4676972319444456;88.62456227854962;1000.0;20.0;0.05;5.936276500000001
347;0.4864624615384623;87.04919403385342;1000.0;20.0;0.05;5.936276500000001
348;0.4290553925339367;85.45231843860152;1000.0;20.0;0.05;5.936276500000001
349;0.5452087742346938;82.17983292180482;1000.0;20.0;0.05;5.936276500000001
350;8.0333764313644;101.15780281264534;1000.0;25.0;;898.0202869000001
351;7.907402397306392;98.40577684989407;1000.0;25.0;;898.0202869000001
352;8.479851331944436;97.00626356677896;1000.0;25.0;;898.0202869000001
353;8.366555816543446;95.6076950892443;1000.0;25.0;;898.0202869000001
354;7.788194629111849;92.6756268004049;1000.0;25.0;;898.0202869000001
355;7.965435314924118;91.18885203890109;1000.0;25.0;;898.0202869000001
356;8.883097044191917;89.64792138109013;1000.0;25.0;;898.0202869000001
357;7.773841997457629;84.9279312123241;1000.0;25.0;;898.0202869000001
358;8.109481850676811;83.29812094830531;1000.0;25.0;;898.0202869000001
359;7.6725243423271605;81.6458326394812;1000.0;25.0;;898.0202869000001
360;7.665627570826309;79.95057422566745;1000.0;25.0;;898.0202869000001
361;7.79079431786941;78.22162995997476;1000.0;25.0;;898.0202869000001
362;8.243542320338966;76.44329639380179;1000.0;25.0;;898.0202869000001
363;8.281694201543742;74.60387957432594;1000.0;25.0;;898.0202869000001
364;7.491682506108199;72.762089191662;1000.0;25.0;;898.0202869000001
365;7.060216877250413;109.01023499444887;1000.0;25.0;;898.0202869000001
366;7.581974639119604;107.73123404234794;1000.0;25.0;;898.0202869000001
367;7.658347632890364;106.4818976975214;1000.0;25.0;;898.0202869000001
368;5.16315919138544;101.15780281264534;1000.0;25.0;1.5;359.1645115013999
369;4.874747828397209;98.40577684989407;1000.0;25.0;1.5;359.1645115013999
370;5.344251880077373;97.00626356677896;1000.0;25.0;1.5;359.1645115013999
371;5.328513473161032;95.6076950892443;1000.0;25.0;1.5;359.1645115013999
372;4.803395996951219;92.6756268004049;1000.0;25.0;1.5;359.1645115013999
373;4.683262902003485;91.18885203890109;1000.0;25.0;1.5;359.1645115013999
374;5.356265400261325;89.64792138109013;1000.0;25.0;1.5;359.1645115013999
375;4.897755843075538;84.9279312123241;1000.0;25.0;1.5;359.1645115013999
376;5.059936605026923;83.29812094830531;1000.0;25.0;1.5;359.1645115013999
377;4.663939138543519;81.6458326394812;1000.0;25.0;1.5;359.1645115013999
378;4.848060286790776;79.95057422566745;1000.0;25.0;1.5;359.1645115013999
379;4.551107754884544;78.22162995997476;1000.0;25.0;1.5;359.1645115013999
380;5.074624562056737;76.44329639380179;1000.0;25.0;1.5;359.1645115013999
381;5.071043453539824;74.60387957432594;1000.0;25.0;1.5;359.1645115013999
382;4.647749532432431;72.762089191662;1000.0;25.0;1.5;359.1645115013999
383;4.4100368954545415;109.01023499444887;1000.0;25.0;1.5;359.1645115013999
384;4.848581210053855;107.73123404234794;1000.0;25.0;1.5;359.1645115013999
385;4.902401731448767;106.4818976975214;1000.0;25.0;1.5;359.1645115013999
386;5.877312944102117;101.15780281264534;1000.0;25.0;1.5;391.79927750299987
387;5.540414498254801;98.40577684989407;1000.0;25.0;1.5;391.79927750299987
388;6.112203094293995;97.00626356677896;1000.0;25.0;1.5;391.79927750299987
389;5.9943382465618855;95.6076950892443;1000.0;25.0;1.5;391.79927750299987
390;5.711070701923079;92.6756268004049;1000.0;25.0;1.5;391.79927750299987
391;5.562398229965155;91.18885203890109;1000.0;25.0;1.5;391.79927750299987
392;6.129816635652175;89.64792138109013;1000.0;25.0;1.5;391.79927750299987
393;5.67890078097345;84.9279312123241;1000.0;25.0;1.5;391.79927750299987
394;5.871459405141845;83.29812094830531;1000.0;25.0;1.5;391.79927750299987
395;5.6499947698198225;81.6458326394812;1000.0;25.0;1.5;391.79927750299987
396;5.5822094596631215;79.95057422566745;1000.0;25.0;1.5;391.79927750299987
397;5.4805578601769875;78.22162995997476;1000.0;25.0;1.5;391.79927750299987
398;5.900201741592921;76.44329639380179;1000.0;25.0;1.5;391.79927750299987
399;5.901329297429073;74.60387957432594;1000.0;25.0;1.5;391.79927750299987
400;5.521733361711704;72.762089191662;1000.0;25.0;1.5;391.79927750299987
401;5.229255478647689;109.01023499444887;1000.0;25.0;1.5;391.79927750299987
402;5.59497106527531;107.73123404234794;1000.0;25.0;1.5;391.79927750299987
403;5.67339252831858;106.4818976975214;1000.0;25.0;1.5;391.79927750299987
404;6.404138017343484;100.90127414955326;1000.0;25.0;1.5;405.08636204999976
405;6.231561584782614;98.16299943990256;1000.0;25.0;1.5;405.08636204999976
406;6.952594109073351;96.73112424547935;1000.0;25.0;1.5;405.08636204999976
407;6.835562825381677;95.30236113287147;1000.0;25.0;1.5;405.08636204999976
408;6.328123357020547;92.3887053552024;1000.0;25.0;1.5;405.08636204999976
409;6.3366408822774;90.87644257245641;1000.0;25.0;1.5;405.08636204999976
410;6.764010072827937;89.34596356206698;1000.0;25.0;1.5;405.08636204999976
411;6.2480926232935206;84.6268750931737;1000.0;25.0;1.5;405.08636204999976
412;6.5103244874131905;82.97963664853772;1000.0;25.0;1.5;405.08636204999976
413;6.457488267888308;81.3121303262408;1000.0;25.0;1.5;405.08636204999976
414;6.236471026086961;79.60400621468591;1000.0;25.0;1.5;405.08636204999976
415;6.273654996951215;77.86445356746347;1000.0;25.0;1.5;405.08636204999976
416;6.597842844405597;76.07788866725399;1000.0;25.0;1.5;405.08636204999976
417;6.714913440721652;74.25580548610981;1000.0;25.0;1.5;405.08636204999976
418;6.202474956369974;72.3650847644265;1000.0;25.0;1.5;405.08636204999976
419;5.731675416230368;108.76192010835672;1000.0;25.0;1.5;405.08636204999976
420;6.065314372814678;107.4887053749856;1000.0;25.0;1.5;405.08636204999976
421;6.343303444540729;106.19769334423621;1000.0;25.0;1.5;405.08636204999976
422;6.332850187605398;100.90127414955326;1000.0;25.0;1.5;411.5391012900002
423;6.216912554782608;98.16299943990256;1000.0;25.0;1.5;411.5391012900002
424;6.709173595261123;96.73112424547935;1000.0;25.0;1.5;411.5391012900002
425;6.766812254752848;95.30236113287147;1000.0;25.0;1.5;411.5391012900002
426;6.168993043496624;92.3887053552024;1000.0;25.0;1.5;411.5391012900002
427;6.201243158319182;90.87644257245641;1000.0;25.0;1.5;411.5391012900002
428;6.46621323690878;89.34596356206698;1000.0;25.0;1.5;411.5391012900002
429;6.140608035162949;84.6268750931737;1000.0;25.0;1.5;411.5391012900002
430;6.278646162220313;82.97963664853772;1000.0;25.0;1.5;411.5391012900002
431;6.199381669104989;81.3121303262408;1000.0;25.0;1.5;411.5391012900002
432;5.962521731989714;79.60400621468591;1000.0;25.0;1.5;411.5391012900002
433;6.155386915936946;77.86445356746347;1000.0;25.0;1.5;411.5391012900002
434;6.3692625763525355;76.07788866725399;1000.0;25.0;1.5;411.5391012900002
435;6.486730044502614;74.25580548610981;1000.0;25.0;1.5;411.5391012900002
436;6.021615432180855;72.3650847644265;1000.0;25.0;1.5;411.5391012900002
437;5.814499102889668;108.76192010835672;1000.0;25.0;1.5;411.5391012900002
438;6.071115888644365;107.4887053749856;1000.0;25.0;1.5;411.5391012900002
439;6.352698836387434;106.19769334423621;1000.0;25.0;1.5;411.5391012900002
440;5.569733678510278;100.90127414955326;1000.0;25.0;1.0;290.341715
441;5.419105112608695;98.16299943990256;1000.0;25.0;1.0;290.341715
442;5.845239201160544;96.73112424547935;1000.0;25.0;1.0;290.341715
443;5.985806052579371;95.30236113287147;1000.0;25.0;1.0;290.341715
444;5.484081641986061;92.3887053552024;1000.0;25.0;1.0;290.341715
445;5.403478409948546;90.87644257245641;1000.0;25.0;1.0;290.341715
446;5.653423856592466;89.34596356206698;1000.0;25.0;1.0;290.341715
447;5.404813104275747;84.6268750931737;1000.0;25.0;1.0;290.341715
448;5.602065400087258;82.97963664853772;1000.0;25.0;1.0;290.341715
449;5.492215682055748;81.3121303262408;1000.0;25.0;1.0;290.341715
450;5.400858249999997;79.60400621468591;1000.0;25.0;1.0;290.341715
451;5.488777298561148;77.86445356746347;1000.0;25.0;1.0;290.341715
452;5.561548425958192;76.07788866725399;1000.0;25.0;1.0;290.341715
453;5.705448270390076;74.25580548610981;1000.0;25.0;1.0;290.341715
454;5.3508123056049826;72.3650847644265;1000.0;25.0;1.0;290.341715
455;5.244035757589278;108.76192010835672;1000.0;25.0;1.0;290.341715
456;5.3673754287634425;107.4887053749856;1000.0;25.0;1.0;290.341715
457;5.5891400236607165;106.19769334423621;1000.0;25.0;1.0;290.341715
458;5.016920034513272;100.64604327059149;1000.0;25.0;0.5;173.38870346900003
459;4.795707312943258;97.88126881420378;1000.0;25.0;0.5;173.38870346900003
460;5.2267987939121765;96.45754126781536;1000.0;25.0;0.5;173.38870346900003
461;5.061647143000003;94.99897120487188;1000.0;25.0;0.5;173.38870346900003
462;4.79687238741135;92.06803495481797;1000.0;25.0;0.5;173.38870346900003
463;4.951615339189186;90.56616640282361;1000.0;25.0;0.5;173.38870346900003
464;5.1372031880453735;89.04603306148564;1000.0;25.0;0.5;173.38870346900003
465;4.864552810143631;84.29816901053778;1000.0;25.0;0.5;173.38870346900003
466;4.830676161061947;82.63496526058948;1000.0;25.0;0.5;173.38870346900003
467;4.948355820035458;80.98114472111364;1000.0;25.0;0.5;173.38870346900003
468;4.925376000910746;79.2604298266411;1000.0;25.0;0.5;173.38870346900003
469;4.840044119369373;77.51052423306591;1000.0;25.0;0.5;173.38870346900003
470;5.1401984360360355;75.71595770309008;1000.0;25.0;0.5;173.38870346900003
471;5.183089309459463;73.86522730131281;1000.0;25.0;0.5;173.38870346900003
472;4.867895186486489;71.99409367848101;1000.0;25.0;0.5;173.38870346900003
473;4.601141814102566;108.51473392629228;1000.0;25.0;0.5;173.38870346900003
474;4.707689515938072;107.24726623443082;1000.0;25.0;0.5;173.38870346900003
475;4.876777466216213;105.96201271098225;1000.0;25.0;0.5;173.38870346900003
476;4.766030452702702;100.64604327059149;1000.0;25.0;0.4;155.11109399999998
477;4.61287865613553;97.88126881420378;1000.0;25.0;0.4;155.11109399999998
478;4.92103282637475;96.45754126781536;1000.0;25.0;0.4;155.11109399999998
479;4.851603714358457;94.99897120487188;1000.0;25.0;0.4;155.11109399999998
480;4.697583922935783;92.06803495481797;1000.0;25.0;0.4;155.11109399999998
481;4.631034140990991;90.56616640282361;1000.0;25.0;0.4;155.11109399999998
482;4.768180541150439;89.04603306148564;1000.0;25.0;0.4;155.11109399999998
483;4.5053300189189205;84.29816901053778;1000.0;25.0;0.4;155.11109399999998
484;4.545829661261259;82.63496526058948;1000.0;25.0;0.4;155.11109399999998
485;4.659214846846851;80.98114472111364;1000.0;25.0;0.4;155.11109399999998
486;4.757471758256884;79.2604298266411;1000.0;25.0;0.4;155.11109399999998
487;4.572849350458716;77.51052423306591;1000.0;25.0;0.4;155.11109399999998
488;4.734815190476191;75.71595770309008;1000.0;25.0;0.4;155.11109399999998
489;4.782436411630036;73.86522730131281;1000.0;25.0;0.4;155.11109399999998
490;4.835364264220183;71.99409367848101;1000.0;25.0;0.4;155.11109399999998
491;4.587769777518659;108.51473392629228;1000.0;25.0;0.4;155.11109399999998
492;4.564786005963304;107.24726623443082;1000.0;25.0;0.4;155.11109399999998
493;4.763857535779814;105.96201271098225;1000.0;25.0;0.4;155.11109399999998
494;3.9633801979166656;90.8591492437081;1000.0;20.0;;100.87601151121001
495;3.5804147795138883;84.46967346761362;1000.0;20.0;;100.87601151121001
496;2.4001303206106877;90.8591492437081;1000.0;20.0;1.0;43.87430295900001
497;2.2930195883458637;84.46967346761362;1000.0;20.0;1.0;43.87430295900001
498;2.600441634892087;90.8591492437081;1000.0;20.0;1.0;52.04516283699999
499;2.6221242113970593;84.46967346761362;1000.0;20.0;1.0;52.04516283699999
500;1.9250996394927529;90.51465957832912;1000.0;20.0;0.5;29.22190262200001
501;1.8966228101503755;84.09772422293017;1000.0;20.0;0.5;29.22190262200001
502;1.735081637218043;90.51465957832912;1000.0;20.0;0.45;28.13484668
503;1.7238270961538464;84.09772422293017;1000.0;20.0;0.45;28.13484668
504;0.9728338423913033;90.13021789064389;1000.0;20.0;0.03;1.6347041494999999
505;1.0065292690839693;83.69234518416933;1000.0;20.0;0.03;1.6347041494999999
506;0.7016305194174761;90.13021789064389;1000.0;20.0;0.03;1.61212108
507;0.8547672845528457;83.69234518416933;1000.0;20.0;0.03;1.61212108
508;10.68730512272727;84.69442647905738;1000.0;20.0;0.75;466.96453299999985
509;11.940412583832334;85.83637380237052;1000.0;20.0;0.75;466.96453299999985
510;11.976860783132526;79.31309456406744;1000.0;20.0;0.75;466.96453299999985
511;11.859106126506022;75.84826517485084;1000.0;20.0;0.75;466.96453299999985
512;10.447292080838315;103.62774373861879;1000.0;20.0;0.75;466.96453299999985
513;11.315456305882355;100.94393853608584;1000.0;20.0;0.75;466.96453299999985
514;10.978710481818181;92.62169336094782;1000.0;20.0;0.75;466.96453299999985
515;11.717454201807232;89.66475667149034;1000.0;20.0;0.75;466.96453299999985
516;6.407722207006369;84.43233055272962;1000.0;20.0;0.25;180.68984430000003
517;7.4241074257812505;85.60552743625028;1000.0;20.0;0.25;180.68984430000003
518;6.414200243670888;79.05046842312683;1000.0;20.0;0.25;180.68984430000003
519;6.911949783870966;75.57812889207536;1000.0;20.0;0.25;180.68984430000003
520;6.951696986206898;103.40331982148047;1000.0;20.0;0.25;180.68984430000003
521;7.261145229629631;100.73097664044009;1000.0;20.0;0.25;180.68984430000003
522;6.784097924657535;92.39764475581732;1000.0;20.0;0.25;180.68984430000003
523;6.011228894578313;89.4128893774693;1000.0;20.0;0.25;180.68984430000003
524;3.980958450000001;84.43233055272962;1000.0;20.0;0.15;93.22593520000001
525;3.9856687125984247;77.79467686772888;1000.0;20.0;0.15;93.22593520000001
526;4.181573100877192;74.2558054861098;1000.0;20.0;0.15;93.22593520000001
527;3.807791154867256;105.3424885329699;1000.0;20.0;0.15;93.22593520000001
528;4.020754240157481;100.09744848546876;1000.0;20.0;0.15;93.22593520000001
529;3.906009100393702;97.34247283907972;1000.0;20.0;0.15;93.22593520000001
530;4.0329623119999995;95.49296585513721;1000.0;20.0;0.15;93.22593520000001
531;4.018151174603175;89.66475667149034;1000.0;20.0;0.15;93.22593520000001
532;4.044795478174604;85.60552743625028;1000.0;20.0;0.15;93.22593520000001
533;3.937252976190479;82.39255034955755;1000.0;20.0;0.15;93.22593520000001
534;4.177038551587301;75.57812889207536;1000.0;20.0;0.15;93.22593520000001
535;3.828286449218749;105.98553369049635;1000.0;20.0;0.15;93.22593520000001
536;3.6426512898550736;103.40331982148047;1000.0;20.0;0.15;93.22593520000001
537;3.942489787109374;98.04205939952486;1000.0;20.0;0.15;93.22593520000001
538;4.188967311023623;95.25482878317925;1000.0;20.0;0.15;93.22593520000001
539;1.8840027669491528;84.17185178945545;1000.0;20.0;0.08;54.15817396
540;1.833675634453782;77.51052423306591;1000.0;20.0;0.08;54.15817396
541;1.8641956799065411;73.96821522473834;1000.0;20.0;0.08;54.15817396
542;1.789937775943396;105.11058432045922;1000.0;20.0;0.08;54.15817396
543;1.8705100491803288;99.88803959742386;1000.0;20.0;0.08;54.15817396
544;1.6387711129032263;97.14442101234711;1000.0;20.0;0.08;54.15817396
545;1.760894207317074;95.25482878317925;1000.0;20.0;0.08;54.15817396
546;2.0018073877118647;89.4128893774693;1000.0;20.0;0.08;54.15817396
547;1.9235719004237284;85.33777109485005;1000.0;20.0;0.08;54.15817396
548;1.7585336344537814;82.10917098464076;1000.0;20.0;0.08;54.15817396
549;2.209748093220339;75.28022534894538;1000.0;20.0;0.08;54.15817396
550;1.7357714100000008;105.75079275208992;1000.0;20.0;0.08;54.15817396
551;1.7899368075396833;103.17986586184462;1000.0;20.0;0.08;54.15817396
552;1.772220224609375;97.8411535400996;1000.0;20.0;0.08;54.15817396
553;1.7905909915966396;95.01787647277334;1000.0;20.0;0.08;54.15817396
554;15.204548891156456;105.57541830308148;1000.0;20.0;;848.0651039999999
555;16.036272927631586;97.59117614219439;1000.0;20.0;;848.0651039999999
556;15.61470096250001;82.64211670717197;1000.0;20.0;;848.0651039999999
557;15.151061600282482;106.16227443595021;1000.0;20.0;;848.0651039999999
558;14.81000214525139;100.94393853608584;1000.0;20.0;;848.0651039999999
559;6.62403878125;100.30773724279119;1000.0;20.0;;108.88811109000001
560;6.806740463414636;82.64211670717197;1000.0;20.0;;108.88811109000001
561;13.608043263157894;100.30773724279119;1000.0;20.0;0.75;142.65688099999997
562;12.720881737500001;82.64211670717197;1000.0;20.0;0.75;142.65688099999997
563;3.8186312375;79.05046842312683;1000.0;20.0;0.25;22.484783630000003
564;3.5088484230769232;103.40331982148047;1000.0;20.0;0.25;22.484783630000003
565;3.520975987179486;98.04205939952486;1000.0;20.0;0.25;22.484783630000003
566;3.403188109756098;92.39764475581732;1000.0;20.0;0.25;22.484783630000003
567;5.393453507575757;79.05046842312683;1000.0;20.0;0.15;28.593748
568;4.3958395;103.40331982148047;1000.0;20.0;0.15;28.593748
569;5.428004375;98.04205939952486;1000.0;20.0;0.15;28.593748
570;4.750846289473683;92.39764475581732;1000.0;20.0;0.15;28.593748
571;1.6960948861607132;105.57541830308148;1000.0;20.0;;18.670561000000003
572;0.8094458692307694;105.57541830308148;1000.0;20.0;0.05;8.926251899999999
600;8.959435083606554;105.3424885329699;1000.0;20.0;;885.8478366699998
601;9.264364830882347;104.07952681758825;1000.0;20.0;;885.8478366699998
602;8.829306196721317;98.8540019204319;1000.0;20.0;;885.8478366699998
603;9.723466541396094;98.19328108497399;1000.0;20.0;;885.8478366699998
604;9.49790344032259;97.54133386633013;1000.0;20.0;;885.8478366699998
605;8.914583172638434;94.08173975875586;1000.0;20.0;;885.8478366699998
606;7.864592545230271;105.3424885329699;1000.0;20.0;1.5;454.56393948299996
607;7.7530644702970335;104.07952681758825;1000.0;20.0;1.5;454.56393948299996
608;7.761391225328951;98.8540019204319;1000.0;20.0;1.5;454.56393948299996
609;7.9299269249174955;98.19328108497399;1000.0;20.0;1.5;454.56393948299996
610;8.1242185698052;97.54133386633013;1000.0;20.0;1.5;454.56393948299996
611;7.8928969572368475;94.08173975875586;1000.0;20.0;1.5;454.56393948299996
612;9.119073663079467;105.3424885329699;1000.0;20.0;1.5;521.0929115240001
613;9.12856247029703;104.07952681758825;1000.0;20.0;1.5;521.0929115240001
614;8.96770958745875;98.8540019204319;1000.0;20.0;1.5;521.0929115240001
615;9.271817480960255;98.19328108497399;1000.0;20.0;1.5;521.0929115240001
616;9.510719345901636;97.54133386633013;1000.0;20.0;1.5;521.0929115240001
617;9.144520876237625;94.08173975875586;1000.0;20.0;1.5;521.0929115240001
618;4.848323719409286;105.11058432045922;1000.0;20.0;0.4;138.835147861
619;4.907866724025978;103.85314394250919;1000.0;20.0;0.4;138.835147861
620;4.78875453152174;98.64975811481116;1000.0;20.0;0.4;138.835147861
621;5.0321334137930975;97.99175562353741;1000.0;20.0;0.4;138.835147861
622;5.231960277896998;97.29288421307916;1000.0;20.0;0.4;138.835147861
623;5.028851096739129;93.85058069300953;1000.0;20.0;0.4;138.835147861
624;7.517361061569307;102.76901189747869;1000.0;25.0;;587.9558613228002
625;7.6949770188141455;101.71811446009502;1000.0;25.0;;587.9558613228002
626;7.7435587064719344;100.64604327059149;1000.0;25.0;;587.9558613228002
627;7.808259535550452;99.51330330881326;1000.0;25.0;;587.9558613228002
628;7.8442546524914025;98.40577684989407;1000.0;25.0;;587.9558613228002
629;7.694722324771697;97.28297255005828;1000.0;25.0;;587.9558613228002
630;8.08090553986333;96.14676384931253;1000.0;25.0;;587.9558613228002
631;7.25846536298627;94.99897120487188;1000.0;25.0;;587.9558613228002
632;7.632751161206898;91.46835809879042;1000.0;25.0;;587.9558613228002
633;7.449806975233099;90.25800175343781;1000.0;25.0;;587.9558613228002
634;7.923388181395344;89.04603306148564;1000.0;25.0;;587.9558613228002
635;8.040901530523257;86.5599763008858;1000.0;25.0;;587.9558613228002
636;7.3596726039488995;83.97200655569574;1000.0;25.0;;587.9558613228002
637;7.26577109189032;82.66357847570742;1000.0;25.0;;587.9558613228002
638;7.530602692102139;81.3121303262408;1000.0;25.0;;587.9558613228002
639;7.645830422202795;79.95057422566745;1000.0;25.0;;587.9558613228002
640;7.763410029394642;78.55624042048142;1000.0;25.0;;587.9558613228002
641;7.369932637266339;77.15979787907014;1000.0;25.0;;587.9558613228002
642;5.764780106714639;102.76901189747869;1000.0;25.0;1.25;338.63720467600007
643;5.635809546912122;101.71811446009502;1000.0;25.0;1.25;338.63720467600007
644;5.844388559854898;100.64604327059149;1000.0;25.0;1.25;338.63720467600007
645;5.883651549160665;99.51330330881326;1000.0;25.0;1.25;338.63720467600007
646;5.907077276315785;98.40577684989407;1000.0;25.0;1.25;338.63720467600007
647;5.549558577294684;97.28297255005828;1000.0;25.0;1.25;338.63720467600007
648;6.204460967732191;96.14676384931253;1000.0;25.0;1.25;338.63720467600007
649;5.651626816807735;94.99897120487188;1000.0;25.0;1.25;338.63720467600007
650;5.816833;91.46835809879042;1000.0;25.0;1.25;338.63720467600007
651;5.5957869294794085;90.25800175343781;1000.0;25.0;1.25;338.63720467600007
652;5.996207611881783;89.04603306148564;1000.0;25.0;1.25;338.63720467600007
653;5.977778113526573;86.5599763008858;1000.0;25.0;1.25;338.63720467600007
654;5.455300894195893;83.97200655569574;1000.0;25.0;1.25;338.63720467600007
655;5.666972922749387;82.66357847570742;1000.0;25.0;1.25;338.63720467600007
656;5.748194264277028;81.3121303262408;1000.0;25.0;1.25;338.63720467600007
657;5.88282302969697;79.95057422566745;1000.0;25.0;1.25;338.63720467600007
658;5.821591968446606;78.55624042048142;1000.0;25.0;1.25;338.63720467600007
659;5.63739456424242;77.15979787907014;1000.0;25.0;1.25;338.63720467600007
660;6.530322720571096;102.76901189747869;1000.0;25.0;1.25;361.0405141
661;5.773611585572432;101.71811446009502;1000.0;25.0;1.25;361.0405141
662;5.823670327373977;100.64604327059149;1000.0;25.0;1.25;361.0405141
663;6.428261679928738;99.51330330881326;1000.0;25.0;1.25;361.0405141
664;6.5478991576576595;98.40577684989407;1000.0;25.0;1.25;361.0405141
665;5.944867387931031;97.28297255005828;1000.0;25.0;1.25;361.0405141
666;6.687501981934731;96.14676384931253;1000.0;25.0;1.25;361.0405141
667;6.056780694021105;94.99897120487188;1000.0;25.0;1.25;361.0405141
668;6.392337610846264;91.46835809879042;1000.0;25.0;1.25;361.0405141
669;6.1346490292056135;90.25800175343781;1000.0;25.0;1.25;361.0405141
670;6.023057682304045;89.04603306148564;1000.0;25.0;1.25;361.0405141
671;5.657190924882634;86.5599763008858;1000.0;25.0;1.25;361.0405141
672;6.222735945172816;83.97200655569574;1000.0;25.0;1.25;361.0405141
673;6.237712552913193;82.66357847570742;1000.0;25.0;1.25;361.0405141
674;6.338387515439427;81.3121303262408;1000.0;25.0;1.25;361.0405141
675;6.349213883630945;79.95057422566745;1000.0;25.0;1.25;361.0405141
676;6.304632341854942;78.55624042048142;1000.0;25.0;1.25;361.0405141
677;6.151262014916458;77.15979787907014;1000.0;25.0;1.25;361.0405141
678;3.2058220833333335;102.50425703642894;1000.0;25.0;0.15;46.54908791000001
679;2.879715086835598;101.45873975258947;1000.0;25.0;0.15;46.54908791000001
680;2.8430992064536333;100.34990106676881;1000.0;25.0;0.15;46.54908791000001
681;2.9501429432826316;99.2650372714524;1000.0;25.0;0.15;46.54908791000001
682;3.1323280623827405;98.16299943990256;1000.0;25.0;0.15;46.54908791000001
683;3.099499727158951;97.00626356677896;1000.0;25.0;0.15;46.54908791000001
684;3.363413410447765;95.87647174210564;1000.0;25.0;0.15;46.54908791000001
685;2.933219645676694;94.73508517374722;1000.0;25.0;0.15;46.54908791000001
686;3.111208474030039;91.18885203890109;1000.0;25.0;0.15;46.54908791000001
687;3.157720587863464;89.98583288271504;1000.0;25.0;0.15;46.54908791000001
688;2.936855077812499;88.74810953079667;1000.0;25.0;0.15;46.54908791000001
689;2.9284960614805553;86.21611218412532;1000.0;25.0;0.15;46.54908791000001
690;3.0812007609649155;83.64835831739418;1000.0;25.0;0.15;46.54908791000001
691;3.11294272556391;82.32152228891138;1000.0;25.0;0.15;46.54908791000001
692;3.240097374685932;80.98114472111364;1000.0;25.0;0.15;46.54908791000001
693;3.1129483383116874;79.60400621468591;1000.0;25.0;0.15;46.54908791000001
694;3.381121342803028;78.22162995997476;1000.0;25.0;0.15;46.54908791000001
695;3.2200645179020095;76.78752481114282;1000.0;25.0;0.15;46.54908791000001
696;0.8743701038135603;99.52367467966357;1000.0;20.0;0.05;2.739160314000001
697;0.9299416321585906;98.44635655168784;1000.0;20.0;0.05;2.739160314000001
698;3.7379900757575744;107.05489445643184;1000.0;20.0;;126.58193280299999
699;4.15124457251082;105.11058432045922;1000.0;20.0;;126.58193280299999
700;3.9017592908163263;101.05075751866372;1000.0;20.0;;126.58193280299999
701;4.139821179303278;103.85314394250919;1000.0;20.0;;126.58193280299999
702;1.4832889138755976;107.05489445643184;1000.0;20.0;0.5;23.754901308000004
703;1.5624450521844666;105.11058432045922;1000.0;20.0;0.5;23.754901308000004
704;1.5687655551643214;101.05075751866372;1000.0;20.0;0.5;23.754901308000004
705;1.6542362933333323;103.85314394250919;1000.0;20.0;0.5;23.754901308000004
706;1.497686411691542;107.05489445643184;1000.0;20.0;0.5;25.849160060000003
707;1.546706732412061;105.11058432045922;1000.0;20.0;0.5;25.849160060000003
708;1.5406708497596175;101.05075751866372;1000.0;20.0;0.5;25.849160060000003
709;1.5461708713942304;103.85314394250919;1000.0;20.0;0.5;25.849160060000003
710;1.7001372071078438;106.69605123479018;1000.0;20.0;0.5;28.040687081000005
711;1.6614820169902926;104.76463615484059;1000.0;20.0;0.5;28.040687081000005
712;1.6699972576142146;100.67787649460959;1000.0;20.0;0.5;28.040687081000005
713;1.6269868542713564;103.45933462095039;1000.0;20.0;0.5;28.040687081000005
714;1.7911802189054735;106.69605123479018;1000.0;20.0;0.5;30.2209359938
715;1.7934569676616923;104.76463615484059;1000.0;20.0;0.5;30.2209359938
716;1.7743333908629464;100.67787649460959;1000.0;20.0;0.5;30.2209359938
717;1.7427570799999978;103.45933462095039;1000.0;20.0;0.5;30.2209359938
718;1.9331967362500009;106.69605123479018;1000.0;20.0;0.5;32.4299807657
719;1.926994430348259;104.76463615484059;1000.0;20.0;0.5;32.4299807657
720;1.9383872613636381;100.67787649460959;1000.0;20.0;0.5;32.4299807657
721;1.9175518374999987;103.45933462095039;1000.0;20.0;0.5;32.4299807657
722;1.901936905303031;106.33960562932873;1000.0;20.0;0.45;31.134627546
723;1.8748294775000007;104.36389710943958;1000.0;20.0;0.45;31.134627546
724;1.8147762828638518;100.30773724279119;1000.0;20.0;0.45;31.134627546
725;1.880183212311557;103.12415319129288;1000.0;20.0;0.45;31.134627546
726;0.8984003095854927;106.33960562932873;1000.0;20.0;0.05;3.6016616803
727;0.9002168039473669;104.36389710943958;1000.0;20.0;0.05;3.6016616803
728;0.895782289906103;100.30773724279119;1000.0;20.0;0.05;3.6016616803
729;0.9565162687165786;103.12415319129288;1000.0;20.0;0.05;3.6016616803
730;8.66127809717785;102.76901189747869;1000.0;25.0;;355.50859440359983
731;8.661636105122728;101.71811446009502;1000.0;25.0;;355.50859440359983
732;8.480659252403845;100.64604327059149;1000.0;25.0;;355.50859440359983
733;8.078267008776606;99.51330330881326;1000.0;25.0;;355.50859440359983
734;8.82656591423949;98.40577684989407;1000.0;25.0;;355.50859440359983
735;8.472003916576092;97.28297255005828;1000.0;25.0;;355.50859440359983
736;8.027097704718;96.14676384931253;1000.0;25.0;;355.50859440359983
737;8.402582401564187;94.99897120487188;1000.0;25.0;;355.50859440359983
738;8.380139393209207;89.98583288271504;1000.0;25.0;;355.50859440359983
739;8.411184162184421;88.74810953079667;1000.0;25.0;;355.50859440359983
740;8.346230714754098;86.21611218412532;1000.0;25.0;;355.50859440359983
741;8.100101459731547;83.64835831739418;1000.0;25.0;;355.50859440359983
742;8.13713705851648;82.32152228891138;1000.0;25.0;;355.50859440359983
743;8.393416438914032;80.98114472111364;1000.0;25.0;;355.50859440359983
744;7.634607312360802;79.60400621468591;1000.0;25.0;;355.50859440359983
745;7.851226059875138;78.22162995997476;1000.0;25.0;;355.50859440359983
746;7.704760598676962;76.78752481114282;1000.0;25.0;;355.50859440359983
747;8.641427963284746;102.76901189747869;1000.0;25.0;1.25;325.920152791
748;8.631843339966371;101.71811446009502;1000.0;25.0;1.25;325.920152791
749;8.454898699662541;100.64604327059149;1000.0;25.0;1.25;325.920152791
750;8.457374774604073;99.51330330881326;1000.0;25.0;1.25;325.920152791
751;8.855002780716722;98.40577684989407;1000.0;25.0;1.25;325.920152791
752;8.77700146448864;97.28297255005828;1000.0;25.0;1.25;325.920152791
753;7.734716072571433;96.14676384931253;1000.0;25.0;1.25;325.920152791
754;8.301740852759009;94.99897120487188;1000.0;25.0;1.25;325.920152791
755;8.09782506715576;89.98583288271504;1000.0;25.0;1.25;325.920152791
756;8.234423991040472;88.74810953079667;1000.0;25.0;1.25;325.920152791
757;8.510596786158189;86.21611218412532;1000.0;25.0;1.25;325.920152791
758;8.204297697323467;83.64835831739418;1000.0;25.0;1.25;325.920152791
759;8.20094237686996;82.32152228891138;1000.0;25.0;1.25;325.920152791
760;8.342558867630068;80.98114472111364;1000.0;25.0;1.25;325.920152791
761;7.968383790517225;79.60400621468591;1000.0;25.0;1.25;325.920152791
762;8.119054077745666;78.22162995997476;1000.0;25.0;1.25;325.920152791
763;8.118185180427258;76.78752481114282;1000.0;25.0;1.25;325.920152791
764;9.928060393322477;102.76901189747869;1000.0;25.0;1.25;426.3619185160001
765;9.723550220315893;101.71811446009502;1000.0;25.0;1.25;426.3619185160001
766;9.771056572491736;100.64604327059149;1000.0;25.0;1.25;426.3619185160001
767;9.754567797960293;99.51330330881326;1000.0;25.0;1.25;426.3619185160001
768;10.226567615321269;98.40577684989407;1000.0;25.0;1.25;426.3619185160001
769;9.921368685918582;97.28297255005828;1000.0;25.0;1.25;426.3619185160001
770;9.459577499440718;96.14676384931253;1000.0;25.0;1.25;426.3619185160001
771;9.802526271436522;94.99897120487188;1000.0;25.0;1.25;426.3619185160001
772;9.465278380254434;89.98583288271504;1000.0;25.0;1.25;426.3619185160001
773;9.503408132138837;88.74810953079667;1000.0;25.0;1.25;426.3619185160001
774;9.759033085393247;86.21611218412532;1000.0;25.0;1.25;426.3619185160001
775;9.580837503401362;83.64835831739418;1000.0;25.0;1.25;426.3619185160001
776;9.355606394810266;82.32152228891138;1000.0;25.0;1.25;426.3619185160001
777;9.573521164269277;80.98114472111364;1000.0;25.0;1.25;426.3619185160001
778;9.417788079689293;79.60400621468591;1000.0;25.0;1.25;426.3619185160001
779;9.392081705164571;78.22162995997476;1000.0;25.0;1.25;426.3619185160001
780;9.358995894994244;76.78752481114282;1000.0;25.0;1.25;426.3619185160001
781;5.554352076536643;102.50425703642894;1000.0;25.0;0.4;143.25957957490002
782;5.463279679161747;101.45873975258947;1000.0;25.0;0.4;143.25957957490002
783;5.339710540745055;100.34990106676881;1000.0;25.0;0.4;143.25957957490002
784;5.369883575721152;99.2650372714524;1000.0;25.0;0.4;143.25957957490002
785;5.817076486936934;98.16299943990256;1000.0;25.0;0.4;143.25957957490002
786;5.647940645132206;97.00626356677896;1000.0;25.0;0.4;143.25957957490002
787;5.4866041078605186;95.87647174210564;1000.0;25.0;0.4;143.25957957490002
788;5.5966855471188515;94.73508517374722;1000.0;25.0;0.4;143.25957957490002
789;5.461441480473374;89.64792138109013;1000.0;25.0;0.4;143.25957957490002
790;5.754928184638556;88.41941282883074;1000.0;25.0;0.4;143.25957957490002
791;5.6485683027439;85.90587068652142;1000.0;25.0;0.4;143.25957957490002
792;5.568136780792683;83.32719533607086;1000.0;25.0;0.4;143.25957957490002
793;5.708542385836384;81.98228524651202;1000.0;25.0;0.4;143.25957957490002
794;5.60470912759463;80.62560440318913;1000.0;25.0;0.4;143.25957957490002
795;5.459987094785283;79.2604298266411;1000.0;25.0;0.4;143.25957957490002
796;5.626810809281436;77.86445356746347;1000.0;25.0;0.4;143.25957957490002
797;5.459582585574581;76.44329639380179;1000.0;25.0;0.4;143.25957957490002
798;1.581360588983051;102.24086279993277;1000.0;20.0;;54.861035391
799;1.543078656791907;101.15780281264534;1000.0;20.0;;54.861035391
800;1.2386770034246564;100.09744848546876;1000.0;20.0;;54.861035391
801;1.6701841568627462;98.95644130066032;1000.0;20.0;;54.861035391
802;2.1779502289473656;96.75072528382695;1000.0;20.0;;54.861035391
803;2.1368079739932884;95.58855440954676;1000.0;20.0;;54.861035391
804;1.8390933976923072;90.55757786167587;1000.0;20.0;;54.861035391
805;1.8875801513157897;89.37104899872458;1000.0;20.0;;54.861035391
806;1.6932915319488815;88.13379405181098;1000.0;20.0;;54.861035391
807;1.5334164440184046;85.60552743625028;1000.0;20.0;;54.861035391
808;1.6355488470394743;82.96521794538418;1000.0;20.0;;54.861035391
809;1.738889097826086;81.65281389921951;1000.0;20.0;;54.861035391
810;1.5206884360841426;80.27992085341505;1000.0;20.0;;54.861035391
811;1.4339822332802554;78.91980649184893;1000.0;20.0;;54.861035391
812;1.6970563573825515;77.51052423306591;1000.0;20.0;;54.861035391
813;1.670239129692833;101.69644925999702;1000.0;20.0;0.05;8.966593245000002
814;1.549999826124568;100.6248323025682;1000.0;20.0;0.05;8.966593245000002
815;1.495572206249999;99.52367467966357;1000.0;20.0;0.05;8.966593245000002
816;1.5490730929054057;98.44635655168784;1000.0;20.0;0.05;8.966593245000002
817;1.5792156010362701;97.29288421307916;1000.0;20.0;0.05;8.966593245000002
818;1.7125752642585548;96.16612875643223;1000.0;20.0;0.05;8.966593245000002
819;1.7769404866071419;95.01787647277334;1000.0;20.0;0.05;8.966593245000002
820;1.471677883079849;93.85058069300953;1000.0;20.0;0.05;8.966593245000002
821;1.6285547184115514;89.96040118241847;1000.0;20.0;0.05;8.966593245000002
822;1.6958350271535578;88.74810953079667;1000.0;20.0;0.05;8.966593245000002
823;1.5614110178571439;87.48782945958516;1000.0;20.0;0.05;8.966593245000002
824;1.6033497758302577;84.95815467538898;1000.0;20.0;0.05;8.966593245000002
825;1.3746266418918895;82.32152228891138;1000.0;20.0;0.05;8.966593245000002
826;1.3646186950354604;80.9605475668819;1000.0;20.0;0.05;8.966593245000002
827;1.1779273422619043;79.61064264705061;1000.0;20.0;0.05;8.966593245000002
828;1.162335321839081;78.20881724417461;1000.0;20.0;0.05;8.966593245000002
829;1.3411729384615387;76.79369992371306;1000.0;20.0;0.05;8.966593245000002
830;1.4665326960431648;75.33961803166643;1000.0;20.0;0.05;8.966593245000002
831;1.407496193633952;102.24086279993277;1000.0;20.0;;32.040889210500005
832;1.4412260398936156;101.15780281264534;1000.0;20.0;;32.040889210500005
833;1.4385933371757926;100.09744848546876;1000.0;20.0;;32.040889210500005
834;1.513302621866296;98.95644130066032;1000.0;20.0;;32.040889210500005
835;1.4894485085836915;97.8411535400996;1000.0;20.0;;32.040889210500005
836;1.4731465405219764;96.75072528382695;1000.0;20.0;;32.040889210500005
837;1.4182041078811374;95.58855440954676;1000.0;20.0;;32.040889210500005
838;1.2649807656675758;94.45397216136223;1000.0;20.0;;32.040889210500005
839;1.6438716727941178;90.55757786167587;1000.0;20.0;;32.040889210500005
840;1.612576581845237;89.37104899872458;1000.0;20.0;;32.040889210500005
841;1.505535734234234;88.13379405181098;1000.0;20.0;;32.040889210500005
842;1.450461737106016;85.60552743625028;1000.0;20.0;;32.040889210500005
843;1.4193429938461533;82.96521794538418;1000.0;20.0;;32.040889210500005
844;1.4561875382736151;81.65281389921951;1000.0;20.0;;32.040889210500005
845;1.5852107030254783;80.27992085341505;1000.0;20.0;;32.040889210500005
846;1.3854619136807826;78.91980649184893;1000.0;20.0;;32.040889210500005
847;1.409890427570093;77.51052423306591;1000.0;20.0;;32.040889210500005
848;0.7747894430199429;101.69644925999702;1000.0;20.0;0.05;9.787354759099998
849;0.8663070211038959;100.6248323025682;1000.0;20.0;0.05;9.787354759099998
850;0.8280199412811377;99.52367467966357;1000.0;20.0;0.05;9.787354759099998
851;0.9572070898576509;98.44635655168784;1000.0;20.0;0.05;9.787354759099998
852;0.8452875887499998;97.29288421307916;1000.0;20.0;0.05;9.787354759099998
853;0.8286332085889567;96.16612875643223;1000.0;20.0;0.05;9.787354759099998
854;0.8767734041554962;95.01787647277334;1000.0;20.0;0.05;9.787354759099998
855;0.8026700783450702;93.85058069300953;1000.0;20.0;0.05;9.787354759099998
856;0.8861621675438582;89.96040118241847;1000.0;20.0;0.05;9.787354759099998
857;0.948843461743772;88.74810953079667;1000.0;20.0;0.05;9.787354759099998
858;0.8078080705782309;87.48782945958516;1000.0;20.0;0.05;9.787354759099998
859;0.8539451378424653;84.95815467538898;1000.0;20.0;0.05;9.787354759099998
860;0.7009935232974904;82.32152228891138;1000.0;20.0;0.05;9.787354759099998
861;0.7203225397111914;80.9605475668819;1000.0;20.0;0.05;9.787354759099998
862;0.5020969326086951;78.20881724417461;1000.0;20.0;0.05;9.787354759099998
863;0.7827804630996305;75.33961803166643;1000.0;20.0;0.05;9.787354759099998
864;4.214745692622952;96.84884975166045;1000.0;20.0;;53.98316015
865;4.9332875588235305;94.6881168618118;1000.0;20.0;;53.98316015
866;4.1670594107142875;105.75079275208992;1000.0;20.0;;53.98316015
867;3.591926718619245;99.62750741276703;1000.0;20.0;;53.98316015
868;4.07762846888412;97.54133386633013;1000.0;20.0;;53.98316015
869;4.9769156048034935;88.54238836823107;1000.0;20.0;;53.98316015
870;4.9409765608108085;86.14611263431412;1000.0;20.0;;53.98316015
871;3.721107894190871;108.39156169709103;1000.0;20.0;;53.98316015
872;4.070876824380165;102.46026379306566;1000.0;20.0;;53.98316015
873;1.7693206936813173;96.84884975166045;1000.0;20.0;0.5;15.523740273999998
874;1.8675793255494502;94.6881168618118;1000.0;20.0;0.5;15.523740273999998
875;1.8256969166666674;105.75079275208992;1000.0;20.0;0.5;15.523740273999998
876;1.6459423356741574;99.62750741276703;1000.0;20.0;0.5;15.523740273999998
877;1.755516923850575;97.54133386633013;1000.0;20.0;0.5;15.523740273999998
878;1.8581614190340916;88.54238836823107;1000.0;20.0;0.5;15.523740273999998
879;1.7916701286549708;86.14611263431412;1000.0;20.0;0.5;15.523740273999998
880;1.7496753796791433;108.39156169709103;1000.0;20.0;0.5;15.523740273999998
881;1.7530166336898378;102.46026379306566;1000.0;20.0;0.5;15.523740273999998
882;2.0039383038674043;96.84884975166045;1000.0;20.0;0.5;17.853110134600012
883;2.0148092638121544;94.6881168618118;1000.0;20.0;0.5;17.853110134600012
884;2.097164243279569;105.75079275208992;1000.0;20.0;0.5;17.853110134600012
885;1.924870556944444;99.62750741276703;1000.0;20.0;0.5;17.853110134600012
886;1.9897229819444449;97.54133386633013;1000.0;20.0;0.5;17.853110134600012
887;2.048121775568184;88.54238836823107;1000.0;20.0;0.5;17.853110134600012
888;2.0268056461988317;86.14611263431412;1000.0;20.0;0.5;17.853110134600012
889;2.047434655080212;108.39156169709103;1000.0;20.0;0.5;17.853110134600012
890;2.0437371243169395;102.46026379306566;1000.0;20.0;0.5;17.853110134600012
891;2.1092431756756747;96.50628181418617;1000.0;20.0;0.5;19.927675796299987
892;2.1902311350267363;94.3140403507528;1000.0;20.0;0.5;19.927675796299987
893;2.087627803947368;105.40062456416909;1000.0;20.0;0.5;19.927675796299987
894;2.0990138337837836;99.31665715562893;1000.0;20.0;0.5;19.927675796299987
895;2.0806797185792343;97.19385837672998;1000.0;20.0;0.5;19.927675796299987
896;2.282544889044946;88.17448370742125;1000.0;20.0;0.5;19.927675796299987
897;2.2493388103448275;85.75928680299704;1000.0;20.0;0.5;19.927675796299987
898;1.9935088639896372;108.08485099619378;1000.0;20.0;0.5;19.927675796299987
899;1.98297782236842;102.1315142835692;1000.0;20.0;0.5;19.927675796299987
900;2.3043953266129025;96.50628181418617;1000.0;20.0;0.5;22.126646936300002
901;2.3919669095744673;94.3140403507528;1000.0;20.0;0.5;22.126646936300002
902;2.250497747340425;105.40062456416909;1000.0;20.0;0.5;22.126646936300002
903;2.264061295945945;99.31665715562893;1000.0;20.0;0.5;22.126646936300002
904;2.278216125683059;97.19385837672998;1000.0;20.0;0.5;22.126646936300002
905;2.429393955056181;88.17448370742125;1000.0;20.0;0.5;22.126646936300002
906;2.4288541997126436;85.75928680299704;1000.0;20.0;0.5;22.126646936300002
907;2.0798530388349503;108.08485099619378;1000.0;20.0;0.5;22.126646936300002
908;2.169814930851063;102.1315142835692;1000.0;20.0;0.5;22.126646936300002
909;2.193854321271928;96.16612875643223;1000.0;20.0;0.45;24.6510443957
910;2.778966153225805;93.98913962119804;1000.0;20.0;0.45;24.6510443957
911;2.3612746890756298;105.11058432045922;1000.0;20.0;0.45;24.6510443957
912;2.137594667553191;98.95644130066032;1000.0;20.0;0.45;24.6510443957
913;2.414145427725118;96.84884975166045;1000.0;20.0;0.45;24.6510443957
914;2.3284379655612253;87.80962377483881;1000.0;20.0;0.45;24.6510443957
915;2.586871602791878;85.37591940557641;1000.0;20.0;0.45;24.6510443957
916;2.718824063745019;107.77987116832642;1000.0;20.0;0.45;24.6510443957
917;2.3415935065502165;101.80486764940001;1000.0;20.0;0.45;24.6510443957
918;0.9202764291237113;96.16612875643223;1000.0;20.0;0.05;4.296611822000001
919;0.974300836458333;93.98913962119804;1000.0;20.0;0.05;4.296611822000001
920;1.1081281949999993;105.11058432045922;1000.0;20.0;0.05;4.296611822000001
921;0.8122955937499992;98.95644130066032;1000.0;20.0;0.05;4.296611822000001
922;0.8946835375647675;96.84884975166045;1000.0;20.0;0.05;4.296611822000001
923;0.7723902971204191;87.80962377483881;1000.0;20.0;0.05;4.296611822000001
924;0.934560976993865;85.37591940557641;1000.0;20.0;0.05;4.296611822000001
925;1.1899153775252518;107.77987116832642;1000.0;20.0;0.05;4.296611822000001
926;1.0084185429292922;101.80486764940001;1000.0;20.0;0.05;4.296611822000001
927;24.894431537267078;103.40331982148047;1000.0;20.0;;1890.5874500428997
928;22.425500256944424;100.73097664044009;1000.0;20.0;;1890.5874500428997
929;21.541392314241484;83.18202600621707;1000.0;20.0;;1890.5874500428997
930;23.665645599999998;104.02283862215381;1000.0;20.0;;1890.5874500428997
931;17.796602396825396;103.40331982148047;1000.0;20.0;0.45;533.465987
932;17.394677022292974;100.73097664044009;1000.0;20.0;0.45;533.465987
933;16.08590523727543;83.18202600621707;1000.0;20.0;0.45;533.465987
934;17.98025974442675;104.02283862215381;1000.0;20.0;0.45;533.465987
935;7.192934347128383;103.17986586184462;1000.0;20.0;0.05;60.85542412
936;6.878573239020272;100.5189114264602;1000.0;20.0;0.05;60.85542412
937;7.009103142282955;82.9291931004231;1000.0;20.0;0.05;60.85542412
938;6.486214050769233;103.79670201645348;1000.0;20.0;0.05;60.85542412
939;24.851042025490198;81.72269221663433;1000.0;20.0;;1784.606778
940;25.58677853627451;78.36927850236947;1000.0;20.0;;1784.606778
941;25.975098694881897;74.83774753537398;1000.0;20.0;;1784.606778
942;28.321895346078424;100.5189114264602;1000.0;20.0;;1784.606778
943;27.209318163346637;97.8411535400996;1000.0;20.0;;1784.606778
944;25.331359185823768;87.1286184809646;1000.0;20.0;;1784.606778
945;25.534040116600796;86.10727308849162;1000.0;20.0;;1784.606778
946;24.9683514329502;82.9291931004231;1000.0;20.0;;1784.606778
947;27.04352503235294;103.79670201645348;1000.0;20.0;;1784.606778
948;25.323235929961097;101.2114105512848;1000.0;20.0;;1784.606778
949;24.963902144787635;98.49712826728953;1000.0;20.0;;1784.606778
950;27.36675241043306;95.73229659662879;1000.0;20.0;;1784.606778
951;27.65240315134102;92.84683116688109;1000.0;20.0;;1784.606778
952;25.889418746183196;89.91804694457365;1000.0;20.0;;1784.606778
953;18.585646117469885;81.72269221663433;1000.0;20.0;0.45;466.5544530000001
954;18.89558678937008;78.36927850236947;1000.0;20.0;0.45;466.5544530000001
955;17.437345250000007;74.83774753537398;1000.0;20.0;0.45;466.5544530000001
956;18.278311069556455;100.5189114264602;1000.0;20.0;0.45;466.5544530000001
957;19.161395942771076;97.8411535400996;1000.0;20.0;0.45;466.5544530000001
958;18.59232839843751;87.1286184809646;1000.0;20.0;0.45;466.5544530000001
959;18.979190677419357;86.10727308849162;1000.0;20.0;0.45;466.5544530000001
960;18.867855809716595;82.9291931004231;1000.0;20.0;0.45;466.5544530000001
961;19.049431247991958;103.79670201645348;1000.0;20.0;0.45;466.5544530000001
962;18.712267205357136;101.2114105512848;1000.0;20.0;0.45;466.5544530000001
963;19.044995613636363;98.49712826728953;1000.0;20.0;0.45;466.5544530000001
964;18.43899405158729;95.73229659662879;1000.0;20.0;0.45;466.5544530000001
965;18.777358153543307;92.84683116688109;1000.0;20.0;0.45;466.5544530000001
966;18.77539413833992;89.91804694457365;1000.0;20.0;0.45;466.5544530000001
967;7.372851606425701;81.44389411952001;1000.0;20.0;0.05;52.34809999999999
968;7.624305112403098;78.08092056838693;1000.0;20.0;0.05;52.34809999999999
969;8.161656196138214;74.54564079245684;1000.0;20.0;0.05;52.34809999999999
970;7.935133677521007;100.30773724279119;1000.0;20.0;0.05;52.34809999999999
971;7.531894768218627;97.59117614219439;1000.0;20.0;0.05;52.34809999999999
972;7.717800111895162;86.85126498875599;1000.0;20.0;0.05;52.34809999999999
973;7.411364874493924;85.83637380237052;1000.0;20.0;0.05;52.34809999999999
974;7.724022564049587;82.64211670717197;1000.0;20.0;0.05;52.34809999999999
975;7.406318671747969;103.62774373861879;1000.0;20.0;0.05;52.34809999999999
976;7.16222608232932;100.94393853608584;1000.0;20.0;0.05;52.34809999999999
977;7.602285131249999;98.24379203203416;1000.0;20.0;0.05;52.34809999999999
978;7.715229721544715;95.49296585513721;1000.0;20.0;0.05;52.34809999999999
979;7.763762878024193;92.62169336094782;1000.0;20.0;0.05;52.34809999999999
980;7.435761206692911;89.66475667149034;1000.0;20.0;0.05;52.34809999999999
981;7.248756877499997;85.49056925258479;1200.0;20.0;;177.47155800000002
982;8.640530187919467;78.91980649184893;1200.0;20.0;;177.47155800000002
983;0.9377690047468356;75.42888298194092;1200.0;20.0;;177.47155800000002
984;5.668533213302753;100.94393853608584;1200.0;20.0;;177.47155800000002
985;5.609711171052632;86.61493501599746;1200.0;20.0;;177.47155800000002
986;7.555469981900459;98.95644130066032;1200.0;20.0;;177.47155800000002
987;10.092681887931025;85.49056925258479;1200.0;20.0;0.5;39.909603000000004
988;9.998738086633665;82.25061658495883;1200.0;20.0;0.5;39.909603000000004
989;10.010993505025128;78.91980649184893;1200.0;20.0;0.5;39.909603000000004
990;8.891316506281406;75.42888298194092;1200.0;20.0;0.5;39.909603000000004
991;10.217232378571433;103.62774373861879;1200.0;20.0;0.5;39.909603000000004
992;9.91292052261905;100.94393853608584;1200.0;20.0;0.5;39.909603000000004
993;10.226536198809534;98.24379203203416;1200.0;20.0;0.5;39.909603000000004
994;10.157502617647065;87.60822555517174;1200.0;20.0;0.5;39.909603000000004
995;8.445313422500007;83.43640529063977;1200.0;20.0;0.5;39.909603000000004
996;9.90272475625;76.73199345531314;1200.0;20.0;0.5;39.909603000000004
997;10.133582543632073;104.24996272394893;1200.0;20.0;0.5;39.909603000000004
998;9.363076889999997;101.64232661536691;1200.0;20.0;0.5;39.909603000000004
999;9.930676755896231;98.95644130066032;1200.0;20.0;0.5;39.909603000000004
1000;10.014745485645932;96.16612875643223;1200.0;20.0;0.5;39.909603000000004
1001;10.118413761904755;93.346007678531;1200.0;20.0;0.5;39.909603000000004
1002;10.0137747;90.386148466765;1200.0;20.0;0.5;39.909603000000004
1003;3.257503539215685;85.22353043742723;1200.0;20.0;0.08;11.593491
1004;3.2010598750000017;82.00340562914316;1200.0;20.0;0.08;11.593491
1005;2.868900128238344;78.62739057648184;1200.0;20.0;0.08;11.593491
1006;2.907771079931974;75.13215252174446;1200.0;20.0;0.08;11.593491
1007;3.386960790277778;103.40331982148047;1200.0;20.0;0.08;11.593491
1008;3.1805742653631293;100.73097664044009;1200.0;20.0;0.08;11.593491
1009;3.3572011962365615;98.04205939952486;1200.0;20.0;0.08;11.593491
1010;3.2064544206586825;87.36776381988766;1200.0;20.0;0.08;11.593491
1011;2.5632338796296286;83.18202600621707;1200.0;20.0;0.08;11.593491
1012;3.1696829556213015;76.42494266117424;1200.0;20.0;0.08;11.593491
1013;3.3824937624309386;104.02283862215381;1200.0;20.0;0.08;11.593491
1014;3.11912768560606;101.42641089233904;1200.0;20.0;0.08;11.593491
1015;3.353482094339622;98.7007399019506;1200.0;20.0;0.08;11.593491
1016;3.2540364407894726;95.92462667517549;1200.0;20.0;0.08;11.593491
1017;3.305622042993631;93.11844549501434;1200.0;20.0;0.08;11.593491
1018;3.075503960317461;90.17277229002569;1200.0;20.0;0.08;11.593491
1019;3.874967846153847;103.62774373861879;1200.0;20.0;;38.772268000000004
1020;3.3137502448979608;100.94393853608584;1200.0;20.0;;38.772268000000004
1021;4.448541438775509;87.60822555517174;1200.0;20.0;;38.772268000000004
1022;3.8271461436170213;90.386148466765;1200.0;20.0;;38.772268000000004
1023;7.644232903571427;103.62774373861879;1200.0;20.0;0.5;2.570727
1024;12.711331707317068;100.94393853608584;1200.0;20.0;0.5;2.570727
1025;8.824058590517238;87.60822555517174;1200.0;20.0;0.5;2.570727
1026;10.460964789215685;90.386148466765;1200.0;20.0;0.5;2.570727
1027;1.6736233066037751;86.34083712037723;1200.0;20.0;0.08;2.47498325
1028;13.177008387903221;105.11058432045922;1000.0;20.0;;536.1004295580001
1029;13.926147979707782;104.47808080430767;1000.0;20.0;;536.1004295580001
1030;13.461181810317456;103.23563876231049;1000.0;20.0;;536.1004295580001
1031;12.808268841803292;100.6248323025682;1000.0;20.0;;536.1004295580001
1032;13.66853022381758;92.44236772036516;1000.0;20.0;;536.1004295580001
1033;13.796599426910305;91.68791728769776;1000.0;20.0;;536.1004295580001
1034;13.815433400662261;90.98900986673388;1000.0;20.0;;536.1004295580001
1035;10.234709508928574;105.11058432045922;1000.0;20.0;0.75;164.25822739660006
1036;10.02688972866894;104.47808080430767;1000.0;20.0;0.75;164.25822739660006
1037;9.014287552405502;103.23563876231049;1000.0;20.0;0.75;164.25822739660006
1038;9.411546713286711;100.6248323025682;1000.0;20.0;0.75;164.25822739660006
1039;9.333486121841155;92.44236772036516;1000.0;20.0;0.75;164.25822739660006
1040;9.320157065884482;91.68791728769776;1000.0;20.0;0.75;164.25822739660006
1041;9.791735199820796;90.98900986673388;1000.0;20.0;0.75;164.25822739660006
1042;10.229764896523168;105.11058432045922;1000.0;20.0;0.75;169.01536452099998
1043;11.462082522569442;104.47808080430767;1000.0;20.0;0.75;169.01536452099998
1044;10.255111682989687;103.23563876231049;1000.0;20.0;0.75;169.01536452099998
1045;9.861868848662205;100.6248323025682;1000.0;20.0;0.75;169.01536452099998
1046;10.010671358928576;92.44236772036516;1000.0;20.0;0.75;169.01536452099998
1047;10.281501034172665;91.68791728769776;1000.0;20.0;0.75;169.01536452099998
1048;10.760130745503602;90.98900986673388;1000.0;20.0;0.75;169.01536452099998
1049;11.591730718543033;104.87969890734455;1000.0;20.0;0.75;195.86761477599995
1050;11.889282069536433;104.24996272394893;1000.0;20.0;0.75;195.86761477599995
1051;11.1050747524671;103.01290815009408;1000.0;20.0;0.75;195.86761477599995
1052;10.810930750827811;100.4132133071895;1000.0;20.0;0.75;195.86761477599995
1053;11.110652501742166;92.17467746634865;1000.0;20.0;0.75;195.86761477599995
1054;11.289648484536084;91.46835809879043;1000.0;20.0;0.75;195.86761477599995
1055;11.3963211315331;90.72965876972657;1000.0;20.0;0.75;195.86761477599995
1056;12.233441021452148;104.87969890734455;1000.0;20.0;0.75;213.57080680799987
1057;12.08860162871287;104.24996272394893;1000.0;20.0;0.75;213.57080680799987
1058;11.601632154801331;103.01290815009408;1000.0;20.0;0.75;213.57080680799987
1059;11.737725151666671;100.4132133071895;1000.0;20.0;0.75;213.57080680799987
1060;11.369998677083332;92.17467746634865;1000.0;20.0;0.75;213.57080680799987
1061;11.370752123693386;91.46835809879043;1000.0;20.0;0.75;213.57080680799987
1062;11.335459932525955;90.72965876972657;1000.0;20.0;0.75;213.57080680799987
1063;8.050157287037042;104.70719940256274;1000.0;20.0;0.4;114.60719230119999
1064;8.49210954406779;104.07952681758825;1000.0;20.0;0.4;114.60719230119999
1065;7.896769318027203;102.79113655020151;1000.0;20.0;0.4;114.60719230119999
1066;8.824975214552238;100.2024825342468;1000.0;20.0;0.4;114.60719230119999
1067;7.650172750000002;91.95278368332905;1000.0;20.0;0.4;114.60719230119999
1068;7.731828235765122;91.20627111283402;1000.0;20.0;0.4;114.60719230119999
1069;8.204486889733841;90.51465957832912;1000.0;20.0;0.4;114.60719230119999
1070;4.276178683823531;107.77987116832642;1000.0;20.0;;165.567217
1071;5.7498323988095255;107.77987116832642;1000.0;20.0;2.0;76.64882300000001
1072;8.27932175;107.77987116832642;1000.0;20.0;2.0;90.339963
1073;7.563116216981132;107.77987116832642;1000.0;20.0;0.9;45.083715
1074;1.8363283157894734;107.41615956708347;1000.0;20.0;0.05;2.581567
1075;1.4614405806451614;107.41615956708347;1000.0;20.0;0.05;2.5359804961000005
